{
    "leedle": {
        "sounds": [
            {
                "name": "leedle",
                "volume": 1,
                "pitch": 1,
                "attenuation_distance": 16
            }
        ]
    },
    "im_gonna_come": {
        "sounds": [
            {
                "name": "im_gonna_come",
                "volume": 1,
                "pitch": 1,
                "attenuation_distance": 16
            }
        ]
    },
    "ive_come_for_your_pickle": {
        "sounds": [
            {
                "name": "ive_come_for_your_pickle",
                "volume": 1,
                "pitch": 1,
                "attenuation_distance": 16
            }
        ]
    },
    "no_god_please_no": {
        "sounds": [
            {
                "name": "no_god_please_no",
                "volume": 1,
                "pitch": 1,
                "attenuation_distance": 16
            }
        ]
    },
    "this_guy_stinks": {
        "sounds": [
            {
                "name": "this_guy_stinks",
                "volume": 1,
                "pitch": 1,
                "attenuation_distance": 16
            }
        ]
    },
    "john_cena": {
        "sounds": [
            {
                "name": "john_cena",
                "volume": 1,
                "pitch": 1,
                "attenuation_distance": 16
            }
        ]
    },
    "some_of_you_may_die": {
        "sounds": [
            {
                "name": "some_of_you_may_die",
                "volume": 1,
                "pitch": 1,
                "attenuation_distance": 16
            }
        ]
    },
    "not_here_kitten_whiskers": {
        "sounds": [
            {
                "name": "not_here_kitten_whiskers",
                "volume": 1,
                "pitch": 1,
                "attenuation_distance": 16
            }
        ]
    },
    "yippee": {
        "sounds": [
            {
                "name": "yippee",
                "volume": 1,
                "pitch": 1,
                "attenuation_distance": 16
            }
        ]
    },
    "he_needs_some_milk": {
        "sounds": [
            {
                "name": "he_needs_some_milk",
                "volume": 1,
                "pitch": 1,
                "attenuation_distance": 16
            }
        ]
    },
    "crowd": {
        "sounds": [
            {
                "name": "cheer_1",
                "volume": 1,
                "pitch": 1,
                "attenuation_distance": 16
            },
            {
                "name": "cheer_2",
                "volume": 1,
                "pitch": 1,
                "attenuation_distance": 16
            },
            {
                "name": "cheer_3",
                "volume": 1,
                "pitch": 1,
                "attenuation_distance": 16
            },
            {
                "name": "cheer_4",
                "volume": 1,
                "pitch": 1,
                "attenuation_distance": 16
            },
            {
                "name": "cheer_5",
                "volume": 1,
                "pitch": 1,
                "attenuation_distance": 16
            },
            {
                "name": "cheer_6",
                "volume": 1,
                "pitch": 1,
                "attenuation_distance": 16
            },
            {
                "name": "cheer_7",
                "volume": 1,
                "pitch": 1,
                "attenuation_distance": 16
            },
            {
                "name": "cheer_8",
                "volume": 1,
                "pitch": 1,
                "attenuation_distance": 16
            },
            {
                "name": "cheer_9",
                "volume": 1,
                "pitch": 1,
                "attenuation_distance": 16
            },
            {
                "name": "cheer_10",
                "volume": 1,
                "pitch": 1,
                "attenuation_distance": 16
            },
            {
                "name": "cheer_11",
                "volume": 1,
                "pitch": 1,
                "attenuation_distance": 16
            },
            {
                "name": "cheer_12",
                "volume": 1,
                "pitch": 1,
                "attenuation_distance": 16
            },
            {
                "name": "cheer_13",
                "volume": 1,
                "pitch": 1,
                "attenuation_distance": 16
            },
            {
                "name": "cheer_14",
                "volume": 1,
                "pitch": 1,
                "attenuation_distance": 16
            },
            {
                "name": "clapping_1",
                "volume": 1,
                "pitch": 1,
                "attenuation_distance": 16
            },
            {
                "name": "clapping_2",
                "volume": 1,
                "pitch": 1,
                "attenuation_distance": 16
            },
            {
                "name": "ambient_cheer_1",
                "volume": 1,
                "pitch": 1,
                "attenuation_distance": 16
            },
            {
                "name": "ambient_cheer_2",
                "volume": 1,
                "pitch": 1,
                "attenuation_distance": 16
            },
            {
                "name": "whoo_1",
                "volume": 1,
                "pitch": 1,
                "attenuation_distance": 16
            }
        ]
    },
    "the_dirtier_the_better": {
        "sounds": [
            {
                "name": "the_dirtier_the_better",
                "volume": 1,
                "pitch": 1,
                "attenuation_distance": 16
            }
        ]
    },
    "chicken_burger": {
        "sounds": [
            {
                "name": "chicken_burger",
                "volume": 1,
                "pitch": 1,
                "attenuation_distance": 16
            }
        ]
    },
    "entity.creeper.primed": {
        "sounds": [
            {
                "name": "alahu.akbar",
                "volume": 1,
                "pitch": 2,
                "attenuation_distance": 16,
                "weight": 1000
            }
        ]
    }
}
