{
	"credit": "Made with Blockbench",
	"texture_size": [64, 64],
	"textures": {
		"0": "top_hat_statue",
		"1": "buffal0chip_statue",
		"particle": "top_hat_statue"
	},
	"elements": [
		{
			"name": "Head",
			"from": [3.9995, 12, 4],
			"to": [12.0005, 20.001, 12.001],
			"rotation": {"angle": 22.5, "axis": "x", "origin": [8, 12, 8]},
			"faces": {
				"north": {"uv": [2, 2, 4, 4], "texture": "#1"},
				"east": {"uv": [0, 2, 2, 4], "texture": "#1"},
				"south": {"uv": [6, 2, 8, 4], "texture": "#1"},
				"west": {"uv": [4, 2, 6, 4], "texture": "#1"},
				"up": {"uv": [4, 2, 2, 0], "texture": "#1"},
				"down": {"uv": [6, 0, 4, 2], "texture": "#1"}
			}
		},
		{
			"name": "Hat Layer",
			"from": [3.5, 11.5, 3.5],
			"to": [12.5, 20.5, 12.5],
			"rotation": {"angle": 22.5, "axis": "x", "origin": [8, 12, 8]},
			"faces": {
				"north": {"uv": [10, 2, 12, 4], "texture": "#1"},
				"east": {"uv": [8, 2, 10, 4], "texture": "#1"},
				"south": {"uv": [14, 2, 16, 4], "texture": "#1"},
				"west": {"uv": [12, 2, 14, 4], "texture": "#1"},
				"up": {"uv": [12, 2, 10, 0], "texture": "#1"},
				"down": {"uv": [14, 0, 12, 2], "texture": "#1"}
			}
		},
		{
			"name": "Body",
			"from": [4, 0, 6],
			"to": [12, 12, 10],
			"rotation": {"angle": 0, "axis": "y", "origin": [8, 6, 8]},
			"faces": {
				"north": {"uv": [5, 5, 7, 8], "texture": "#1"},
				"east": {"uv": [4, 5, 5, 8], "texture": "#1"},
				"south": {"uv": [8, 5, 10, 8], "texture": "#1"},
				"west": {"uv": [7, 5, 8, 8], "texture": "#1"},
				"up": {"uv": [7, 5, 5, 4], "texture": "#1"},
				"down": {"uv": [9, 4, 7, 5], "texture": "#1"}
			}
		},
		{
			"name": "Right Arm",
			"from": [12, 0, 6.001],
			"to": [16, 12, 10.001],
			"rotation": {"angle": 22.5, "axis": "z", "origin": [14, 10, 8]},
			"faces": {
				"north": {"uv": [11, 5, 12, 8], "texture": "#1"},
				"east": {"uv": [10, 5, 11, 8], "texture": "#1"},
				"south": {"uv": [13, 5, 14, 8], "texture": "#1"},
				"west": {"uv": [12, 5, 13, 8], "texture": "#1"},
				"up": {"uv": [12, 5, 11, 4], "texture": "#1"},
				"down": {"uv": [13, 4, 12, 5], "texture": "#1"}
			}
		},
		{
			"name": "Left Arm",
			"from": [-8, 8, 6.001],
			"to": [4, 12, 10.001],
			"rotation": {"angle": -45, "axis": "z", "origin": [2, 10, 8]},
			"faces": {
				"north": {"uv": [9, 13, 10, 16], "rotation": 270, "texture": "#1"},
				"east": {"uv": [10, 13, 9, 12], "rotation": 90, "texture": "#1"},
				"south": {"uv": [11, 13, 12, 16], "rotation": 90, "texture": "#1"},
				"west": {"uv": [11, 12, 10, 13], "rotation": 90, "texture": "#1"},
				"up": {"uv": [10, 13, 11, 16], "rotation": 90, "texture": "#1"},
				"down": {"uv": [8, 13, 9, 16], "rotation": 90, "texture": "#1"}
			}
		},
		{
			"name": "Right Leg",
			"from": [7.9, -12, 6],
			"to": [11.9, 0, 10],
			"rotation": {"angle": -22.5, "axis": "x", "origin": [9.9, 0, 8]},
			"faces": {
				"north": {"uv": [1, 5, 2, 8], "texture": "#1"},
				"east": {"uv": [0, 5, 1, 8], "texture": "#1"},
				"south": {"uv": [3, 5, 4, 8], "texture": "#1"},
				"west": {"uv": [2, 5, 3, 8], "texture": "#1"},
				"up": {"uv": [2, 5, 1, 4], "texture": "#1"},
				"down": {"uv": [3, 4, 2, 5], "texture": "#1"}
			}
		},
		{
			"name": "Left Leg",
			"from": [4.1, -12, 6],
			"to": [8.1, 0, 10],
			"rotation": {"angle": 22.5, "axis": "x", "origin": [6.1, 0, 8]},
			"faces": {
				"north": {"uv": [5, 13, 6, 16], "texture": "#1"},
				"east": {"uv": [4, 13, 5, 16], "texture": "#1"},
				"south": {"uv": [7, 13, 8, 16], "texture": "#1"},
				"west": {"uv": [6, 13, 7, 16], "texture": "#1"},
				"up": {"uv": [6, 13, 5, 12], "texture": "#1"},
				"down": {"uv": [7, 12, 6, 13], "texture": "#1"}
			}
		},
		{
			"name": "Top",
			"from": [4, 20, 6],
			"to": [12, 30, 14],
			"rotation": {"angle": 22.5, "axis": "x", "origin": [8, 18, 10]},
			"faces": {
				"north": {"uv": [11, 2, 13, 4.5], "texture": "#0"},
				"east": {"uv": [9, 2, 11, 4.5], "texture": "#0"},
				"south": {"uv": [11, 6.5, 13, 9], "texture": "#0"},
				"west": {"uv": [13, 2, 15, 4.5], "texture": "#0"},
				"up": {"uv": [13, 2, 11, 0], "texture": "#0"},
				"down": {"uv": [13, 4.5, 11, 6.5], "texture": "#0"}
			}
		},
		{
			"name": "Brim",
			"from": [2, 18, 4],
			"to": [14, 20, 16],
			"rotation": {"angle": 22.5, "axis": "x", "origin": [8, 18, 10]},
			"faces": {
				"north": {"uv": [3, 3, 6, 3.5], "texture": "#0"},
				"east": {"uv": [0, 3, 3, 3.5], "texture": "#0"},
				"south": {"uv": [3, 6.5, 6, 7], "texture": "#0"},
				"west": {"uv": [6, 3, 9, 3.5], "texture": "#0"},
				"up": {"uv": [6, 3, 3, 0], "texture": "#0"},
				"down": {"uv": [6, 3.5, 3, 6.5], "texture": "#0"}
			}
		}
	],
	"display": {
		"thirdperson_righthand": {
			"translation": [0, 3, -0.25],
			"scale": [0.25, 0.25, 0.25]
		},
		"thirdperson_lefthand": {
			"translation": [0, 3, -0.25],
			"scale": [0.25, 0.25, 0.25]
		},
		"firstperson_righthand": {
			"rotation": [0, -90, 25],
			"translation": [1.13, 3.2, 1.13],
			"scale": [0.25, 0.25, 0.25]
		},
		"firstperson_lefthand": {
			"rotation": [0, -90, 25],
			"translation": [1.13, 3.2, 1.13],
			"scale": [0.25, 0.25, 0.25]
		},
		"ground": {
			"translation": [0, 3, 0],
			"scale": [0.25, 0.25, 0.25]
		},
		"gui": {
			"rotation": [30, 225, 0],
			"scale": [0.4, 0.4, 0.4]
		},
		"head": {
			"translation": [0, 15, 0],
			"scale": [0.5, 0.5, 0.5]
		},
		"fixed": {
			"rotation": [-90, 0, 0],
			"translation": [0, 0, -56],
			"scale": [3, 3, 3]
		}
	},
	"groups": [
		{
			"name": "Head",
			"origin": [8, 24, 8],
			"color": 0,
			"nbt": "{}",
			"children": [0, 1]
		},
		{
			"name": "Body",
			"origin": [8, 24, 8],
			"color": 0,
			"nbt": "{}",
			"children": [2]
		},
		{
			"name": "RightArm",
			"origin": [13, 22, 8],
			"color": 0,
			"nbt": "{}",
			"children": [3]
		},
		{
			"name": "LeftArm",
			"origin": [3, 22, 8],
			"color": 0,
			"nbt": "{}",
			"children": [4]
		},
		{
			"name": "RightLeg",
			"origin": [9.9, 12, 8],
			"color": 0,
			"nbt": "{}",
			"children": [5]
		},
		{
			"name": "LeftLeg",
			"origin": [6.1, 12, 8],
			"color": 0,
			"nbt": "{}",
			"children": [6]
		},
		{
			"name": "Hat",
			"origin": [8, 1, 8],
			"color": 0,
			"nbt": "{}",
			"children": [7, 8]
		}
	]
}