{
	"credit": "Made with Blockbench",
	"textures": {
		"0": "item/crown",
		"particle": "item/crown"
	},
	"elements": [
		{
			"name": "front",
			"from": [2, 0, 2],
			"to": [14, 6, 2],
			"rotation": {"angle": 0, "axis": "y", "origin": [8, 3, 2]},
			"faces": {
				"north": {"uv": [0, 0, 12, 6], "texture": "#0"},
				"south": {"uv": [0, 6, 12, 12], "texture": "#0"}
			}
		},
		{
			"name": "back",
			"from": [2, 0, 14],
			"to": [14, 6, 14],
			"rotation": {"angle": 0, "axis": "y", "origin": [8, 3, 14]},
			"faces": {
				"north": {"uv": [0, 6, 12, 12], "texture": "#0"},
				"south": {"uv": [0, 0, 12, 6], "texture": "#0"}
			}
		},
		{
			"name": "left",
			"from": [2, 0, 2],
			"to": [2, 6, 14],
			"rotation": {"angle": 0, "axis": "y", "origin": [2, 3, 8]},
			"faces": {
				"east": {"uv": [0, 6, 12, 12], "texture": "#0"},
				"west": {"uv": [0, 0, 12, 6], "texture": "#0"}
			}
		},
		{
			"name": "right",
			"from": [14, 0, 2],
			"to": [14, 6, 14],
			"rotation": {"angle": 0, "axis": "y", "origin": [14, 3, 8]},
			"faces": {
				"east": {"uv": [0, 0, 12, 6], "texture": "#0"},
				"west": {"uv": [0, 6, 12, 12], "texture": "#0"}
			}
		}
	],
	"display": {
		"thirdperson_righthand": {
			"rotation": [75, 45, 0],
			"translation": [0, 2.5, 1],
			"scale": [0.375, 0.375, 0.375]
		},
		"thirdperson_lefthand": {
			"rotation": [75, 45, 0],
			"translation": [0, 2.5, 1],
			"scale": [0.375, 0.375, 0.375]
		},
		"firstperson_righthand": {
			"translation": [3, 3, -3],
			"scale": [0.68, 0.68, 0.68]
		},
		"firstperson_lefthand": {
			"translation": [3, 3, -3],
			"scale": [0.68, 0.68, 0.68]
		},
		"ground": {
			"translation": [0, 2, 0],
			"scale": [0.5, 0.5, 0.5]
		},
		"gui": {
			"rotation": [30, 225, 0],
			"translation": [0, 3, 0],
			"scale": [0.625, 0.625, 0.625]
		},
		"head": {
			"rotation": [4, 0, 0],
			"translation": [0, 12, 0.25],
			"scale": [1.25, 1.25, 1.25]
		},
		"fixed": {
			"rotation": [0, 180, 0],
			"translation": [0, 5, 0]
		}
	}
}
