{
  "parent": "minecraft:item/generated",
  "textures": {
    "layer0": "minecraft:item/item_frame"
  },
  "overrides": [
    {
      "predicate": {"custom_model_data": 1},
      "model": "item/custom_item"
    },
    {
      "predicate": {"custom_model_data": 2},
      "model": "item/trophy"
    },
    {
      "predicate": {"custom_model_data": 3},
      "model": "item/last_to_die_trophy"
    },
    {
      "predicate": {"custom_model_data": 4},
      "model": "item/buffal0chip_statue"
    },
    {
      "predicate": {"custom_model_data": 5},
      "model": "item/monopoly_money_1"
    },
    {
      "predicate": {"custom_model_data": 6},
      "model": "item/monopoly_money_5"
    },
    {
      "predicate": {"custom_model_data": 7},
      "model": "item/monopoly_money_10"
    },
    {
      "predicate": {"custom_model_data": 8},
      "model": "item/monopoly_money_20"
    },
    {
      "predicate": {"custom_model_data": 9},
      "model": "item/monopoly_money_50"
    },
    {
      "predicate": {"custom_model_data": 10},
      "model": "item/monopoly_money_100"
    },
    {
      "predicate": {"custom_model_data": 11},
      "model": "item/monopoly_money_500"
    },
    {
      "predicate": {"custom_model_data": 35000},
      "model": "item/custom_item"
    }
  ]
}
