{
  "parent": "minecraft:item/generated",
  "textures": {
    "layer0": "item/writable_book"
  },
  "overrides": [
    {
      "predicate": {"custom_model_data": 1},
      "model": "item/white_writable_book"
    },
    {
      "predicate": {"custom_model_data": 2},
      "model": "item/light_gray_writable_book"
    },
    {
      "predicate": {"custom_model_data": 3},
      "model": "item/gray_writable_book"
    },
    {
      "predicate": {"custom_model_data": 4},
      "model": "item/black_writable_book"
    },
    {
      "predicate": {"custom_model_data": 5},
      "model": "item/brown_writable_book"
    },
    {
      "predicate": {"custom_model_data": 6},
      "model": "item/red_writable_book"
    },
    {
      "predicate": {"custom_model_data": 7},
      "model": "item/orange_writable_book"
    },
    {
      "predicate": {"custom_model_data": 8},
      "model": "item/yellow_writable_book"
    },
    {
      "predicate": {"custom_model_data": 9},
      "model": "item/lime_writable_book"
    },
    {
      "predicate": {"custom_model_data": 10},
      "model": "item/green_writable_book"
    },
    {
      "predicate": {"custom_model_data": 11},
      "model": "item/cyan_writable_book"
    },
    {
      "predicate": {"custom_model_data": 12},
      "model": "item/light_blue_writable_book"
    },
    {
      "predicate": {"custom_model_data": 13},
      "model": "item/blue_writable_book"
    },
    {
      "predicate": {"custom_model_data": 14},
      "model": "item/purple_writable_book"
    },
    {
      "predicate": {"custom_model_data": 15},
      "model": "item/magenta_writable_book"
    },
    {
      "predicate": {"custom_model_data": 16},
      "model": "item/pink_writable_book"
    },
    {
      "predicate": {"custom_model_data": 17},
      "model": "item/options_book"
    },
    {
      "predicate": {"custom_model_data": 18},
      "model": "item/sounds_book"
    },
    {
      "predicate": {"custom_model_data": 19},
      "model": "item/heads_book"
    },
    {
      "predicate": {"custom_model_data": 20},
      "model": "item/item_frames_book"
    },
    {
      "predicate": {"custom_model_data": 21},
      "model": "item/armor_stands_book"
    }
  ]
}
