{
  "parent": "minecraft:item/generated",
  "textures": {
    "layer0": "item/written_book"
  },
  "overrides": [
    {
      "predicate": {"custom_model_data": 1},
      "model": "item/white_written_book"
    },
    {
      "predicate": {"custom_model_data": 2},
      "model": "item/light_gray_written_book"
    },
    {
      "predicate": {"custom_model_data": 3},
      "model": "item/gray_written_book"
    },
    {
      "predicate": {"custom_model_data": 4},
      "model": "item/black_written_book"
    },
    {
      "predicate": {"custom_model_data": 5},
      "model": "item/brown_written_book"
    },
    {
      "predicate": {"custom_model_data": 6},
      "model": "item/red_written_book"
    },
    {
      "predicate": {"custom_model_data": 7},
      "model": "item/orange_written_book"
    },
    {
      "predicate": {"custom_model_data": 8},
      "model": "item/yellow_written_book"
    },
    {
      "predicate": {"custom_model_data": 9},
      "model": "item/lime_written_book"
    },
    {
      "predicate": {"custom_model_data": 10},
      "model": "item/green_written_book"
    },
    {
      "predicate": {"custom_model_data": 11},
      "model": "item/cyan_written_book"
    },
    {
      "predicate": {"custom_model_data": 12},
      "model": "item/light_blue_written_book"
    },
    {
      "predicate": {"custom_model_data": 13},
      "model": "item/blue_written_book"
    },
    {
      "predicate": {"custom_model_data": 14},
      "model": "item/purple_written_book"
    },
    {
      "predicate": {"custom_model_data": 15},
      "model": "item/magenta_written_book"
    },
    {
      "predicate": {"custom_model_data": 16},
      "model": "item/pink_written_book"
    },
    {
      "predicate": {"custom_model_data": 17},
      "model": "item/options_book"
    },
    {
      "predicate": {"custom_model_data": 18},
      "model": "item/sounds_book"
    },
    {
      "predicate": {"custom_model_data": 19},
      "model": "item/heads_book"
    },
    {
      "predicate": {"custom_model_data": 20},
      "model": "item/item_frames_book"
    },
    {
      "predicate": {"custom_model_data": 21},
      "model": "item/armor_stands_book"
    }
  ]
}
