{
	"credit": "Made with Blockbench",
	"texture_size": [64, 64],
	"textures": {
		"0": "cosmetics_rp:item/hats/top_hat",
		"particle": "cosmetics_rp:item/hats/top_hat"
	},
	"elements": [
		{
			"name": "brim",
			"from": [2, 0, 2],
			"to": [14, 2, 14],
			"rotation": {"angle": 0, "axis": "y", "origin": [8, 1, 8]},
			"faces": {
				"north": {"uv": [3, 3, 6, 3.5], "texture": "#0"},
				"east": {"uv": [0, 3, 3, 3.5], "texture": "#0"},
				"south": {"uv": [3, 6.5, 6, 7], "texture": "#0"},
				"west": {"uv": [6, 3, 9, 3.5], "texture": "#0"},
				"up": {"uv": [6, 3, 3, 0], "texture": "#0"},
				"down": {"uv": [6, 3.5, 3, 6.5], "texture": "#0"}
			}
		},
		{
			"name": "top",
			"from": [4, 2, 4],
			"to": [12, 12, 12],
			"rotation": {"angle": 0, "axis": "y", "origin": [8, 7, 8]},
			"faces": {
				"north": {"uv": [11, 2, 13, 4.5], "texture": "#0"},
				"east": {"uv": [9, 2, 11, 4.5], "texture": "#0"},
				"south": {"uv": [11, 6.5, 13, 9], "texture": "#0"},
				"west": {"uv": [13, 2, 15, 4.5], "texture": "#0"},
				"up": {"uv": [13, 2, 11, 0], "texture": "#0"},
				"down": {"uv": [13, 4.5, 11, 6.5], "texture": "#0"}
			}
		}
	],
	"display": {
		"thirdperson_righthand": {
			"rotation": [65, 45, 0],
			"translation": [0, 2, 0.5],
			"scale": [0.5, 0.5, 0.5]
		},
		"thirdperson_lefthand": {
			"rotation": [65, 45, 0],
			"translation": [0, 2, 0.5],
			"scale": [0.5, 0.5, 0.5]
		},
		"firstperson_righthand": {
			"translation": [0, 1, 0],
			"scale": [0.5, 0.5, 0.5]
		},
		"firstperson_lefthand": {
			"translation": [0, 1, 0],
			"scale": [0.5, 0.5, 0.5]
		},
		"ground": {
			"translation": [0, 3, 0],
			"scale": [0.4, 0.4, 0.4]
		},
		"gui": {
			"rotation": [45, -135, 0],
			"translation": [0, 2, 0],
			"scale": [0.8, 0.8, 0.8]
		},
		"head": {
			"rotation": [5, 0, 1],
			"translation": [-0.25, 16, 1],
			"scale": [1.5, 1.5, 1.5]
		},
		"fixed": {
			"translation": [0, 2, 0],
			"scale": [0.8, 0.8, 0.8]
		}
	}
}